{
    "button":
    {
        "colours":
        {
            "normal_bg": "#FFFFFF",
            "hovered_bg": "#35393e",
            "disabled_bg": "#25292e",
            "selected_bg": "#25292e",
            "active_bg": "#193784",
            "normal_text": "#000000"
        },
        "font":
        {
            "name": "PKMN RBYGSC.ttf",
            "size": "16",
            "regular_resource":{
                "package": "assets.Font",
                "resource": "PKMN RBYGSC.ttf"
            }
        },
        "misc":
        {
            "border_width": "1",
            "shadow_width": "1",
            "tool_tip_delay": "1.0",
            "text_horiz_alignment": "center",
            "text_vert_alignment": "center",
            "text_horiz_alignment_padding": "10",
            "text_vert_alignment_padding": "5",
            "text_shadow_size": "1",
            "text_shadow_offset": "0,0",
            "state_transitions":
            {
                "normal_hovered": "0.5",
                "hovered_normal": "0.5"
            }
        }
    }
}
